Model,Relevancy,Coverage,Convincity,Factuality
Ours (Graphusion),4.666666666666667,4.75,4.916666666666667,4.416666666666667
RAG,4.583333333333333,4.333333333333333,4.333333333333333,4.166666666666667
Zero-shot,4.833333333333333,4.666666666666667,4.583333333333333,4.75
