dataset,model,c_index_mean,c_index_std,td_auc_mean,td_auc_std,mean_n_features
Breast Cancer - Stage I-III,clinical_treatment_molecular,0.8284629868523193,0.010886882660895192,0.8486966144742025,0.016865330390049987,492.2
Breast Cancer - Stage I-III,clinical_treatment_molecular_kg,0.82594292013294,0.009689252441976444,0.8469535990703658,0.014582591956528354,511.2
Breast Cancer - Stage I-III,clinical_molecular_kg,0.7798155029133591,0.010112358978334445,0.7960669765283968,0.01412099401764319,390.6
Breast Cancer - Stage I-III,clinical_molecular,0.7706210381803934,0.009353925566091178,0.7922575639938696,0.015139636267030805,371.6
Breast Cancer - Stage I-III,clinical_kg,0.765287200006059,0.00996874908164539,0.7796640791754869,0.012606731644456753,76.6
Breast Cancer - Stage I-III,clinical_only,0.72134806299247,0.008135609649009128,0.7347643884050516,0.015744029879709184,57.6
