dataset,model,c_index_mean,c_index_std,td_auc_mean,td_auc_std,mean_n_features
Colorectal Cancer - Stage I-III,clinical_treatment_molecular,0.7742879283659103,0.011731462819176062,0.7731361496526261,0.012976381780992223,486.8
Colorectal Cancer - Stage I-III,clinical_treatment_molecular_kg,0.7696406499876374,0.01799702071641644,0.768122575244927,0.02187741919781555,505.8
Colorectal Cancer - Stage I-III,clinical_molecular_kg,0.7504821481217897,0.021961801886008707,0.7453621564529677,0.028352957408084408,390.0
Colorectal Cancer - Stage I-III,clinical_kg,0.7473129139141034,0.02452647125535314,0.7419238782831329,0.029346064437136544,76.0
Colorectal Cancer - Stage I-III,clinical_molecular,0.6906146246579989,0.03913101321809754,0.698911760432644,0.04872469951294604,371.0
Colorectal Cancer - Stage I-III,clinical_only,0.63982379098047,0.041565974708539344,0.6448238290328632,0.048087906338619105,57.0
