dataset,model,c_index_mean,c_index_std,td_auc_mean,td_auc_std,mean_n_features
Prostate Cancer,clinical_treatment_molecular,0.8008455158759311,0.004611032487904582,0.8188275641912341,0.009144511446899557,474.6
Prostate Cancer,clinical_treatment_molecular_kg,0.7943171180984959,0.005833690788977429,0.8118583190029728,0.009807733863448308,493.6
Prostate Cancer,clinical_molecular_kg,0.7715221862353909,0.01168184539296771,0.7866402995049231,0.01969433115412389,372.6
Prostate Cancer,clinical_kg,0.7623655791675688,0.012899758482599475,0.775259311207839,0.021188060079075862,57.6
Prostate Cancer,clinical_molecular,0.7320487021870882,0.011922284240705424,0.7615232595188669,0.018741033909555012,353.6
Prostate Cancer,clinical_only,0.6992948733242241,0.015206125400112845,0.7260616515081468,0.02018414059048942,38.6
