dataset,model,c_index_mean,c_index_std,td_auc_mean,td_auc_std,mean_n_features
Breast Cancer,clinical_treatment_molecular,0.8142437782781627,0.005354197045573689,0.8338577896843182,0.008650496645936341,494.4
Breast Cancer,clinical_treatment_molecular_kg,0.812517402683504,0.0037935213285356503,0.8335865686071443,0.007815166210443352,513.4
Breast Cancer,clinical_molecular_kg,0.7569523709256682,0.005651821018622682,0.7739357746435838,0.008516942871800845,392.4
Breast Cancer,clinical_molecular,0.7459235006415801,0.007236444959985451,0.7671277657552289,0.007416357374575684,373.4
Breast Cancer,clinical_kg,0.7447440813783064,0.003757608998876067,0.7606152577860192,0.006736852107283879,78.4
Breast Cancer,clinical_only,0.7035890547147389,0.005927485480670433,0.7194222824139082,0.006277963640794558,59.4
