dataset,model,c_index_mean,c_index_std,td_auc_mean,td_auc_std,mean_n_features
Pancreatic Cancer,clinical_treatment_molecular_kg,0.6902932941195548,0.014312779375174502,0.7378052564166122,0.018352796965155592,500.4
Pancreatic Cancer,clinical_treatment_molecular,0.6887626647860805,0.01399107125801385,0.7358429198729477,0.017964174058100905,481.4
Pancreatic Cancer,clinical_kg,0.6855499217159697,0.014360098111707529,0.7343623448117435,0.019387827205910375,66.6
Pancreatic Cancer,clinical_molecular_kg,0.6838997299841125,0.018316743218223415,0.7313736717497237,0.02342067817409831,380.6
Pancreatic Cancer,clinical_molecular,0.6775515120578393,0.020075251265536522,0.7275893335573398,0.025203604959556973,361.6
Pancreatic Cancer,clinical_only,0.6607436011696899,0.01567981449939652,0.7079950345292596,0.022328595435381658,47.6
