dataset,model,c_index_mean,c_index_std,td_auc_mean,td_auc_std,mean_n_features
Non-Small Cell Lung Cancer - Stage IV,clinical_treatment_molecular,0.6582829352217855,0.013797440188294593,0.7164367742742996,0.01774438429549034,486.8
Non-Small Cell Lung Cancer - Stage IV,clinical_treatment_molecular_kg,0.6522126328856259,0.014782201058727457,0.7096765058678312,0.021174705068713603,505.8
Non-Small Cell Lung Cancer - Stage IV,clinical_molecular_kg,0.6380266285775339,0.016036373196384127,0.6931590810609525,0.02331552711783247,384.8
Non-Small Cell Lung Cancer - Stage IV,clinical_molecular,0.636487121678206,0.018469413318292164,0.6922063250479704,0.02571194044928604,365.8
Non-Small Cell Lung Cancer - Stage IV,clinical_kg,0.622870993962257,0.010221849952023939,0.6731392909747768,0.014660383257424425,70.0
Non-Small Cell Lung Cancer - Stage IV,clinical_only,0.6048236742475446,0.014300022161988621,0.6513742171701559,0.015108938054473725,51.0
