dataset,model,c_index_mean,c_index_std,td_auc_mean,td_auc_std,mean_n_features
Prostate Cancer - Stage I-III,clinical_treatment_molecular,0.8237986223543109,0.0061013963708739585,0.8397707749472174,0.01152893143390804,449.0
Prostate Cancer - Stage I-III,clinical_treatment_molecular_kg,0.820863022453284,0.007706078911966618,0.8377099234643252,0.01342140533791976,468.0
Prostate Cancer - Stage I-III,clinical_molecular_kg,0.8016317975272941,0.01147943154360633,0.8182785808625258,0.019891297815328588,368.4
Prostate Cancer - Stage I-III,clinical_kg,0.7915662535871608,0.014366391647523553,0.8040447359523764,0.02292183299435541,53.6
Prostate Cancer - Stage I-III,clinical_molecular,0.7662739884749838,0.026084531433010098,0.7895695491909511,0.03623167149269451,349.4
Prostate Cancer - Stage I-III,clinical_only,0.735526071800205,0.030326381634310444,0.7571368784364013,0.044015920663724326,34.6
