dataset,model,c_index_mean,c_index_std,td_auc_mean,td_auc_std,mean_n_features
Breast Cancer - Stage IV,clinical_treatment_molecular_kg,0.75559317244865,0.03420682832043469,0.7944935442619582,0.04287669794345908,460.4
Breast Cancer - Stage IV,clinical_treatment_molecular,0.7510100203197345,0.03274681206573003,0.7814407898362113,0.038424076959371195,441.4
Breast Cancer - Stage IV,clinical_molecular_kg,0.6693552318146114,0.035716484157547586,0.7134221963151927,0.048092980006407084,377.0
Breast Cancer - Stage IV,clinical_kg,0.6621907788005201,0.03835260203156237,0.7008385824957724,0.04903608491191909,63.0
Breast Cancer - Stage IV,clinical_molecular,0.6278298699471141,0.03131061882609679,0.6585721937720974,0.04624433561525411,358.0
Breast Cancer - Stage IV,clinical_only,0.5879895641995956,0.012262772505503644,0.6159822770968593,0.012360664215958467,44.0
