dataset,model,c_index_mean,c_index_std,td_auc_mean,td_auc_std,mean_n_features
Prostate Cancer - Stage IV,clinical_treatment_molecular,0.7654594361536337,0.005712897228084375,0.7860279917158906,0.010176071228973503,454.0
Prostate Cancer - Stage IV,clinical_treatment_molecular_kg,0.7556226492412661,0.008323601287449528,0.7732145353359785,0.010164571532920778,473.0
Prostate Cancer - Stage IV,clinical_molecular_kg,0.7260694413560441,0.012177101673909181,0.7413953066826875,0.016716950377855366,367.8
Prostate Cancer - Stage IV,clinical_kg,0.7164389009935084,0.004086005590767416,0.7284979774544611,0.015611154577433181,53.0
Prostate Cancer - Stage IV,clinical_molecular,0.682894916668441,0.034350215713816926,0.7226544573607055,0.04001438723447762,348.8
Prostate Cancer - Stage IV,clinical_only,0.6332546487732463,0.021330583256976107,0.6718625228613938,0.021376886803027573,34.0
