dataset,model,c_index_mean,c_index_std,td_auc_mean,td_auc_std,mean_n_features
Non-Small Cell Lung Cancer - Stage I-III,clinical_treatment_molecular,0.7389731006679392,0.0037151727619818566,0.7589134531031947,0.011562472936293925,489.2
Non-Small Cell Lung Cancer - Stage I-III,clinical_treatment_molecular_kg,0.7333155258640922,0.00498852811761632,0.7504176093249495,0.011212743957352363,508.2
Non-Small Cell Lung Cancer - Stage I-III,clinical_molecular_kg,0.7247233301281354,0.0068504913905575,0.7444240610480332,0.005596216709974793,387.2
Non-Small Cell Lung Cancer - Stage I-III,clinical_kg,0.7189404874285117,0.006311847970983938,0.7371714136597018,0.007173172743578374,73.2
Non-Small Cell Lung Cancer - Stage I-III,clinical_molecular,0.7047725773916521,0.0053598064765248265,0.74280042823556,0.013370006688726389,368.2
Non-Small Cell Lung Cancer - Stage I-III,clinical_only,0.6797431562712418,0.0111063202259854,0.7164595145837017,0.019570093718752662,54.2
