dataset,model,c_index_mean,c_index_std,td_auc_mean,td_auc_std,mean_n_features
Non-Small Cell Lung Cancer,clinical_treatment_molecular,0.7333144050126533,0.0064097396020027795,0.7715177864358685,0.008615110915139924,492.4
Non-Small Cell Lung Cancer,clinical_treatment_molecular_kg,0.7293841652883696,0.004738166979398591,0.7655391981655915,0.006719393731061036,511.4
Non-Small Cell Lung Cancer,clinical_molecular_kg,0.7217122913472744,0.007233574767267328,0.7587713871050683,0.010426151776801356,390.4
Non-Small Cell Lung Cancer,clinical_molecular,0.7160833889350646,0.008620165120960015,0.7609867036076576,0.013183727904452233,371.4
Non-Small Cell Lung Cancer,clinical_kg,0.7140093765644531,0.006324747188103548,0.7504908783860618,0.009663326990910421,75.6
Non-Small Cell Lung Cancer,clinical_only,0.6975763443557084,0.009807355857804026,0.7412908304152148,0.01452484361572391,56.6
