dataset,model,c_index_mean,c_index_std,td_auc_mean,td_auc_std,mean_n_features
Pancreatic Cancer - Stage IV,clinical_treatment_molecular,0.6661347252038833,0.015562730198566214,0.7281155342503756,0.020153587378497706,440.6
Pancreatic Cancer - Stage IV,clinical_treatment_molecular_kg,0.659060693582283,0.0182645868873513,0.7205759086181797,0.022979993855244758,459.6
Pancreatic Cancer - Stage IV,clinical_kg,0.6465489713819543,0.01754012794146873,0.7038141401010756,0.026383868714985183,57.6
Pancreatic Cancer - Stage IV,clinical_molecular_kg,0.6462400912703586,0.018057075882018426,0.703108674548364,0.020706028278793046,371.6
Pancreatic Cancer - Stage IV,clinical_molecular,0.6061284978646475,0.01898085162387968,0.6449421175386816,0.02805595390826034,352.6
Pancreatic Cancer - Stage IV,clinical_only,0.5799362190559216,0.01998404309343707,0.6055478938747638,0.030129244111207914,38.6
