dataset,model,c_index_mean,c_index_std,td_auc_mean,td_auc_std,mean_n_features
Pancreatic Cancer - Stage I-III,clinical_treatment_molecular,0.6438145367749211,0.019315614304064106,0.6605605364522935,0.027385823725175222,453.0
Pancreatic Cancer - Stage I-III,clinical_treatment_molecular_kg,0.6419970332873488,0.02509263214846591,0.660491661578176,0.03688341012374681,472.0
Pancreatic Cancer - Stage I-III,clinical_kg,0.63440785537978,0.02485139469886332,0.6568909338189093,0.03950183878117326,61.2
Pancreatic Cancer - Stage I-III,clinical_molecular_kg,0.6323283025954745,0.025266391907929113,0.6534872893788296,0.0379075980345555,375.2
Pancreatic Cancer - Stage I-III,clinical_molecular,0.6292004196963009,0.02179385477711276,0.658612002202269,0.031748372110799894,356.2
Pancreatic Cancer - Stage I-III,clinical_only,0.6002219527401593,0.014889296070615073,0.6229730118618404,0.024314119822010448,42.2
