dataset,model,c_index_mean,c_index_std,td_auc_mean,td_auc_std,mean_n_features
Colorectal Cancer,clinical_treatment_molecular,0.7474527390538077,0.00625883265124421,0.7604302749031063,0.008279964251154985,498.2
Colorectal Cancer,clinical_treatment_molecular_kg,0.7411167902638999,0.00899446727530207,0.7517374585770475,0.008975951262748437,517.2
Colorectal Cancer,clinical_molecular_kg,0.7164908584686887,0.01338544672929062,0.7242802371506187,0.015552674553521814,396.2
Colorectal Cancer,clinical_kg,0.7105496978438167,0.017013848560765373,0.717043039004048,0.018392813349597845,82.2
Colorectal Cancer,clinical_molecular,0.7052781741138796,0.009329707785787792,0.7274999713439578,0.006419084332688141,377.2
Colorectal Cancer,clinical_only,0.6797376451598997,0.008351882047496631,0.6999388540123342,0.011193501950018588,63.2
