dataset,model,c_index_mean,c_index_std,td_auc_mean,td_auc_std,mean_n_features
all_cancers,clinical_treatment_molecular,0.7639430793740841,0.004427130616970346,0.7920534848795199,0.007103705781267457,569.0
all_cancers,clinical_treatment_molecular_kg,0.7593861058822514,0.0045357511884993795,0.7859693833224805,0.00727547677738087,588.0
all_cancers,clinical_molecular_kg,0.7429110906490727,0.004672662243417125,0.7705787629173018,0.008058523997257004,467.0
all_cancers,clinical_molecular,0.7385812125871071,0.004968369196398988,0.7770260837321914,0.00842570166422236,448.0
all_cancers,clinical_kg,0.737778793521298,0.005002484399167243,0.764413610331885,0.008473764788565007,151.4
all_cancers,clinical_only,0.7208316987613479,0.004953904788682879,0.7577073092027338,0.008846748233620453,132.4
