dataset,model,c_index_mean,c_index_std,td_auc_mean,td_auc_std,mean_n_features
Colorectal Cancer - Stage IV,clinical_treatment_molecular,0.6659422022930799,0.01679853283317215,0.6957431219123508,0.020344874535336687,477.2
Colorectal Cancer - Stage IV,clinical_treatment_molecular_kg,0.6564437013258287,0.017760648976035725,0.6835586103884346,0.021210242906258954,496.2
Colorectal Cancer - Stage IV,clinical_molecular,0.6122386947119798,0.008076107411186896,0.6463190779365363,0.014384466776115584,370.0
Colorectal Cancer - Stage IV,clinical_molecular_kg,0.6033631720439225,0.017247847448008707,0.6163929747313316,0.027008435476237984,389.0
Colorectal Cancer - Stage IV,clinical_kg,0.5910385000564435,0.016282073713765284,0.603984580971046,0.02605632910867082,75.0
Colorectal Cancer - Stage IV,clinical_only,0.5670884164415508,0.007593020649692257,0.5951306862221497,0.020107395514395516,56.0
